{
    "root_group": {
        "path": "",
        "id": "d41d8cd98f00b204e9800998ecf8427e",
        "groups": {},
        "checks": {
                "200 OK": {
                    "id": "e9654c443eff553da9e69eda7007924e",
                    "passes": 1967,
                    "fails": 8033,
                    "name": "200 OK",
                    "path": "::200 OK"
                }
            },
        "name": ""
    },
    "metrics": {
        "http_reqs": {
            "count": 10000,
            "rate": 654.0345132704583
        },
        "http_req_failed": {
            "fails": 1967,
            "passes": 8033,
            "value": 0.8033
        },
        "data_received": {
            "count": 2282512,
            "rate": 149284.16249539805
        },
        "http_req_connecting": {
            "min": 0,
            "med": 447.4395,
            "max": 5881.169,
            "p(90)": 3948.3621000000003,
            "p(95)": 3956.67515,
            "avg": 1019.6133901999993
        },
        "http_req_duration": {
            "med": 7240.6625,
            "max": 12326.028,
            "p(90)": 10858.466,
            "p(95)": 11221.84275,
            "avg": 6932.103537999974,
            "min": 0
        },
        "vus": {
            "value": 472,
            "min": 472,
            "max": 10000
        },
        "checks": {
            "passes": 1967,
            "fails": 8033,
            "value": 0.1967
        },
        "http_req_sending": {
            "avg": 7.1675818000000175,
            "min": 0,
            "med": 1.4940000000000002,
            "max": 123.686,
            "p(90)": 18.496700000000004,
            "p(95)": 39.420249999999996
        },
        "data_sent": {
            "count": 1158083,
            "rate": 75742.62512317923
        },
        "iteration_duration": {
            "p(90)": 13644.957762500002,
            "p(95)": 14403.08276905,
            "avg": 7958.061974887802,
            "min": 936.213416,
            "med": 7665.193354499999,
            "max": 15183.48825
        },
        "http_req_blocked": {
            "p(95)": 3957.48875,
            "avg": 1020.5290432999991,
            "min": 0,
            "med": 448.4915,
            "max": 5895.398,
            "p(90)": 3948.4410000000003
        },
        "http_req_waiting": {
            "min": 0,
            "med": 7238.784,
            "max": 12325.978,
            "p(90)": 10857.2444,
            "p(95)": 11221.673649999999,
            "avg": 6924.835111000034
        },
        "http_req_receiving": {
            "max": 8.866,
            "p(90)": 0.144,
            "p(95)": 0.246,
            "avg": 0.10084519999999955,
            "min": 0,
            "med": 0.057
        },
        "vus_max": {
            "value": 10000,
            "min": 10000,
            "max": 10000
        },
        "http_req_duration{expected_response:true}": {
            "avg": 7048.937920183019,
            "min": 729.127,
            "med": 7466.921,
            "max": 12050.1,
            "p(90)": 10868.1312,
            "p(95)": 11224.176899999999
        },
        "http_req_tls_handshaking": {
            "med": 0,
            "max": 0,
            "p(90)": 0,
            "p(95)": 0,
            "avg": 0,
            "min": 0
        },
        "iterations": {
            "rate": 654.0345132704583,
            "count": 10000
        }
    }
}