{
    "root_group": {
        "name": "",
        "path": "",
        "id": "d41d8cd98f00b204e9800998ecf8427e",
        "groups": {},
        "checks": {
                "200 OK": {
                    "name": "200 OK",
                    "path": "::200 OK",
                    "id": "e9654c443eff553da9e69eda7007924e",
                    "passes": 1000,
                    "fails": 9000
                }
            }
    },
    "metrics": {
        "checks": {
            "fails": 9000,
            "passes": 1000,
            "value": 0.1
        },
        "iterations": {
            "count": 10000,
            "rate": 1214.348400684941
        },
        "vus_max": {
            "value": 10000,
            "min": 10000,
            "max": 10000
        },
        "http_reqs": {
            "count": 10000,
            "rate": 1214.348400684941
        },
        "http_req_blocked": {
            "p(90)": 3947.6857,
            "p(95)": 3951.63305,
            "avg": 981.7423849999992,
            "min": 0,
            "med": 341.8435,
            "max": 5886.945
        },
        "data_sent": {
            "rate": 139974.05423207098,
            "count": 1152668
        },
        "vus": {
            "value": 1367,
            "min": 1367,
            "max": 9991
        },
        "http_req_receiving": {
            "max": 7.343,
            "p(90)": 0.1,
            "p(95)": 0.141,
            "avg": 0.06625039999999989,
            "min": 0,
            "med": 0.048
        },
        "http_req_connecting": {
            "p(90)": 3947.5134,
            "p(95)": 3951.15235,
            "avg": 981.1147412999975,
            "min": 0,
            "med": 341.11400000000003,
            "max": 5872.378
        },
        "iteration_duration": {
            "p(95)": 7607.64839165,
            "avg": 5286.306243890297,
            "min": 526.67325,
            "med": 5404.065770499999,
            "max": 8222.741416,
            "p(90)": 7545.944866700001
        },
        "http_req_tls_handshaking": {
            "avg": 0,
            "min": 0,
            "med": 0,
            "max": 0,
            "p(90)": 0,
            "p(95)": 0
        },
        "http_req_waiting": {
            "max": 6949.549,
            "p(90)": 6418.9125,
            "p(95)": 6635.0012,
            "avg": 4252.9455202999925,
            "min": 0,
            "med": 4288.0465
        },
        "http_req_duration{expected_response:true}": {
            "min": 253.226,
            "med": 1363.6605,
            "max": 2216.396,
            "p(90)": 2050.1761,
            "p(95)": 2146.40865,
            "avg": 1321.1461720000007
        },
        "http_req_duration": {
            "med": 4295.7125,
            "max": 6951.795,
            "p(90)": 6422.8828,
            "p(95)": 6638.2925,
            "avg": 4262.477243699996,
            "min": 0
        },
        "http_req_sending": {
            "p(95)": 54.98179999999998,
            "avg": 9.465472999999973,
            "min": 0,
            "med": 3.877,
            "max": 123.788,
            "p(90)": 17.529200000000113
        },
        "data_received": {
            "rate": 290992.36429869133,
            "count": 2396284
        },
        "http_req_failed": {
            "passes": 9000,
            "fails": 1000,
            "value": 0.9
        }
    }
}