{
    "metrics": {
        "vus_max": {
            "value": 10000,
            "min": 10000,
            "max": 10000
        },
        "http_req_failed": {
            "passes": 9008,
            "fails": 992,
            "value": 0.9008
        },
        "data_received": {
            "count": 2410786,
            "rate": 203972.04615744654
        },
        "iterations": {
            "count": 10000,
            "rate": 846.0810961962055
        },
        "vus": {
            "value": 126,
            "min": 126,
            "max": 10000
        },
        "checks": {
            "passes": 992,
            "fails": 9008,
            "value": 0.0992
        },
        "http_req_tls_handshaking": {
            "med": 0,
            "max": 0,
            "p(90)": 0,
            "p(95)": 0,
            "avg": 0,
            "min": 0
        },
        "iteration_duration": {
            "min": 714.501208,
            "med": 5741.0852505,
            "max": 11738.0305,
            "p(90)": 10503.939108,
            "p(95)": 10996.194277049999,
            "avg": 6130.274316868183
        },
        "http_req_waiting": {
            "max": 9575.037,
            "p(90)": 8479.9644,
            "p(95)": 8842.70235,
            "avg": 5367.844812300001,
            "min": 0,
            "med": 5541.5545
        },
        "http_req_receiving": {
            "p(90)": 0.124,
            "p(95)": 0.214,
            "avg": 0.08132209999999962,
            "min": 0,
            "med": 0.051,
            "max": 8.855
        },
        "data_sent": {
            "rate": 98042.01604880467,
            "count": 1158778
        },
        "http_req_blocked": {
            "min": 0,
            "med": 228.0725,
            "max": 5876.744,
            "p(90)": 2030.0746000000001,
            "p(95)": 3948.221,
            "avg": 757.9450687
        },
        "http_req_connecting": {
            "med": 226.728,
            "max": 5875.667,
            "p(90)": 2029.4534,
            "p(95)": 3947.7727,
            "avg": 755.989472699999,
            "min": 0
        },
        "http_reqs": {
            "count": 10000,
            "rate": 846.0810961962055
        },
        "http_req_sending": {
            "avg": 3.5663831000000012,
            "min": 0,
            "med": 0.871,
            "max": 55.131,
            "p(90)": 9.6042,
            "p(95)": 12.457349999999998
        },
        "http_req_duration": {
            "med": 5544.945,
            "max": 9575.12,
            "p(90)": 8480.2049,
            "p(95)": 8843.30985,
            "avg": 5371.492517499999,
            "min": 0
        },
        "http_req_duration{expected_response:true}": {
            "avg": 5338.227665322588,
            "min": 507.094,
            "med": 5553.380999999999,
            "max": 9299.649,
            "p(90)": 8464.428899999999,
            "p(95)": 8832.90165
        }
    },
    "root_group": {
        "path": "",
        "id": "d41d8cd98f00b204e9800998ecf8427e",
        "groups": {},
        "checks": {
                "200 OK": {
                    "name": "200 OK",
                    "path": "::200 OK",
                    "id": "e9654c443eff553da9e69eda7007924e",
                    "passes": 992,
                    "fails": 9008
                }
            },
        "name": ""
    }
}